date,subs
2012-10-29,18573
2012-10-30,18599
2012-10-31,18629
2012-11-01,18657
2012-11-02,18680
2012-11-03,18705
2012-11-04,18824
2012-11-05,18936
2012-11-06,18991
2012-11-07,19020
2012-11-08,19073
2012-11-09,19107
2012-11-10,19158
2012-11-11,19191
2012-11-12,19227
2012-11-13,19264
2012-11-14,19313
2012-11-15,19354
2012-11-16,19521
2012-11-17,19582
2012-11-18,19726
2012-11-19,19823
2012-11-20,19891
2012-11-21,19960
2012-11-22,20011
2012-11-23,20053
2012-11-24,20091
2012-11-25,20240
2012-11-26,20472
2012-11-27,20610
2012-11-28,20682
2012-11-29,20729
2012-11-30,20774
2012-12-01,20795
2012-12-02,20848
2012-12-03,20895
2012-12-04,20937
2012-12-05,20968
2012-12-06,21000
2012-12-07,21027
2012-12-08,21048
2012-12-09,21073
2012-12-10,21093
2012-12-11,21125
2012-12-12,21162
2012-12-13,21225
2012-12-14,21247
2012-12-15,21270
2012-12-16,21294
2012-12-17,21316
2012-12-18,21335
2012-12-19,21359
2012-12-20,21388
2012-12-21,21396
2012-12-22,21421
2012-12-23,21447
2012-12-24,21461
2012-12-25,21476
2012-12-26,21516
2012-12-27,21546
2012-12-28,21568
2012-12-29,21594
2012-12-30,21613
2012-12-31,21635
2013-01-01,21654
2013-01-02,21679
2013-01-03,21707
2013-01-04,21729
2013-01-05,21769
2013-01-06,21794
2013-01-07,21813
2013-01-08,21839
2013-01-09,21867
2013-01-10,21913
2013-01-11,21974
2013-01-12,22006
2013-01-13,22034
2013-01-14,22077
2013-01-15,22096
2013-01-16,22127
2013-01-17,22163
2013-01-18,22181
2013-01-19,22212
2013-01-20,22256
2013-01-21,22284
2013-01-22,22312
2013-01-23,22339
2013-01-24,22366
2013-01-25,22414
2013-01-26,22444
2013-01-27,22480
2013-01-28,22562
2013-01-29,22615
2013-01-30,22651
2013-01-31,22690
2013-02-01,22735
2013-02-02,22782
2013-02-03,22833
2013-02-04,22872
2013-02-05,22929
2013-02-06,22984
2013-02-07,23031
2013-02-08,23079
2013-02-09,23125
2013-02-10,23170
2013-02-11,23209
2013-02-12,23254
2013-02-13,23308
2013-02-14,23332
2013-02-15,23376
2013-02-16,23401
2013-02-17,23445
2013-02-18,23497
2013-02-19,23541
2013-02-20,23579
2013-02-21,23618
2013-02-22,23647
2013-02-23,23690
2013-02-24,23752
2013-02-25,23793
2013-02-26,23847
2013-02-27,23899
2013-02-28,23926
2013-03-01,23962
2013-03-02,23993
2013-03-03,24058
2013-03-04,24100
2013-03-05,24150
2013-03-06,24183
2013-03-07,24222
2013-03-08,24259
2013-03-09,24356
2013-03-10,24385
2013-03-11,24414
2013-03-12,24474
2013-03-13,24529
2013-03-14,24397
2013-03-15,24281
2013-03-16,24374
2013-03-17,24549
2013-03-18,24671
2013-03-19,24766
2013-03-20,24832
2013-03-21,24890
2013-03-22,24932
2013-03-23,24955
2013-03-24,25579
2013-03-25,25840
2013-03-26,25995
2013-03-27,26115
2013-03-28,26170
2013-03-29,26238
2013-03-30,26289
2013-03-31,26342
2013-04-01,26396
2013-04-02,26463
2013-04-03,26524
2013-04-04,26554
2013-04-05,26591
2013-04-06,26632
2013-04-07,26669
2013-04-08,26717
2013-04-09,26774
2013-04-10,26809
2013-04-11,26865
2013-04-12,26888
2013-04-13,26926
2013-04-14,27101
2013-04-15,27241
2013-04-16,27332
2013-04-17,27379
2013-04-18,27436
2013-04-19,27465
2013-04-20,27465
2013-04-21,27585
2013-04-22,27711
2013-04-23,27911
2013-04-24,27967
2013-04-25,28020
2013-04-26,28061
2013-04-27,28115
2013-04-28,28165
2013-04-29,28194
2013-04-30,28240
2013-05-01,28296
2013-05-02,28329
2013-05-03,28349
2013-05-04,28391
2013-05-05,28427
2013-05-06,28466
2013-05-07,28497
2013-05-08,28526
2013-05-09,28550
2013-05-10,28575
2013-05-11,28596
2013-05-12,28744
2013-05-13,28813
2013-05-14,28888
2013-05-15,28921
2013-05-16,28972
2013-05-17,29004
2013-05-18,29046
2013-05-19,29090
2013-05-20,29135
2013-05-21,29180
2013-05-22,29230
2013-05-23,29324
2013-05-24,29385
2013-05-25,29485
2013-05-26,29740
2013-05-27,29900
2013-05-28,30024
2013-05-29,30106
2013-05-30,30163
2013-05-31,30225
2013-06-01,30260
2013-06-02,30324
2013-06-03,30374
2013-06-04,30443
2013-06-05,30528
2013-06-06,30574
2013-06-07,30627
2013-06-08,30712
2013-06-09,30853
2013-06-10,30971
2013-06-11,31045
2013-06-12,31096
2013-06-13,31137
2013-06-14,31187
2013-06-15,31214
2013-06-16,31271
2013-06-17,31327
2013-06-18,31365
2013-06-19,31399
2013-06-20,31437
2013-06-21,31475
2013-06-22,31519
2013-06-23,31570
2013-06-24,31606
2013-06-25,31643
2013-06-26,31680
2013-06-27,31729
2013-06-28,31766
2013-06-29,31777
2013-06-30,31943
2013-07-01,32039
2013-07-02,32130
2013-07-03,32209
2013-07-04,32256
2013-07-05,32317
2013-07-06,32327
2013-07-07,32488
2013-07-08,32593
2013-07-09,32657
2013-07-10,32693
2013-07-11,32740
2013-07-12,32778
2013-07-13,32804
2013-07-14,32851
2013-07-15,32899
2013-07-16,32936
2013-07-17,32987
2013-07-18,33033
2013-07-19,33066
2013-07-20,33110
2013-07-21,33145
2013-07-22,33173
2013-07-23,33196
2013-07-24,33279
2013-07-25,33305
2013-07-26,33342
2013-07-27,33355
2013-07-28,33406
2013-07-29,33482
2013-07-30,33547
2013-07-31,33618
2013-08-01,33676
2013-08-02,33697
2013-08-03,33742
2013-08-04,33787
2013-08-05,33829
2013-08-06,33872
2013-08-07,33906
2013-08-08,33926
2013-08-09,33947
2013-08-10,33984
2013-08-11,34017
2013-08-12,34046
2013-08-13,34085
2013-08-14,34126
2013-08-15,34152
2013-08-16,34182
2013-08-17,34198
2013-08-18,34221
2013-08-19,34250
2013-08-20,34275
2013-08-21,34313
2013-08-22,34349
2013-08-23,34340
2013-08-24,34326
2013-08-25,34364
2013-08-26,34441
2013-08-27,34496
2013-08-28,34531
2013-08-29,34565
2013-08-30,34613
2013-08-31,34657
2013-09-01,34698
2013-09-02,34732
2013-09-03,34759
2013-09-04,34785
2013-09-05,34805
2013-09-06,34864
2013-09-07,34876
2013-09-08,34945
2013-09-09,35530
2013-09-10,35695
2013-09-11,35812
2013-09-12,35880
2013-09-13,35926
2013-09-14,35969
2013-09-15,36041
2013-09-16,36084
2013-09-17,36109
2013-09-18,36137
2013-09-19,36161
2013-09-20,36180
2013-09-21,36175
2013-09-22,36288
2013-09-23,36348
2013-09-24,36395
2013-09-25,36436
2013-09-26,36484
2013-09-27,36531
2013-09-28,36574
2013-09-29,36619
2013-09-30,36659
2013-10-01,36678
2013-10-02,36716
2013-10-03,36763
2013-10-04,36803
2013-10-05,36831
2013-10-06,36923
2013-10-07,37031
2013-10-08,37131
2013-10-09,37169
2013-10-10,37222
2013-10-11,37287
2013-10-12,37299
2013-10-13,37381
2013-10-14,37470
2013-10-15,37533
2013-10-16,37568
2013-10-17,37630
2013-10-18,37672
2013-10-19,37709
2013-10-20,37751
2013-10-21,37806
2013-10-22,37846
2013-10-23,37886
2013-10-24,37898
2013-10-25,37925
2013-10-26,37936
2013-10-27,38046
2013-10-28,38135
2013-10-29,38206
2013-10-30,38250
2013-10-31,38288
2013-11-01,38304
2013-11-02,38336
2013-11-03,38415
2013-11-04,38498
2013-11-05,38577
2013-11-06,38745
2013-11-07,38791
2013-11-08,38829
2013-11-09,38875
2013-11-10,38923
2013-11-11,38975
2013-11-12,39038
2013-11-13,39161
2013-11-14,39205
2013-11-15,39246
2013-11-16,39292
2013-11-17,39392
2013-11-18,39509
2013-11-19,39584
2013-11-20,39646
2013-11-21,39692
2013-11-22,39731
2013-11-23,39749
2013-11-24,39852
2013-11-25,39956
2013-11-26,40043
2013-11-27,40109
2013-11-28,40157
2013-11-29,40207
2013-11-30,40235
2013-12-01,40278
2013-12-02,40330
2013-12-03,40363
2013-12-04,40408
2013-12-05,40458
2013-12-06,40464
2013-12-07,40497
2013-12-08,40529
2013-12-09,40574
2013-12-10,40617
2013-12-11,40662
2013-12-12,40702
2013-12-13,40749
2013-12-14,40771
2013-12-15,40816
2013-12-16,40851
2013-12-17,40869
2013-12-18,40915
2013-12-19,40956
2013-12-20,40982
2013-12-21,40994
2013-12-22,41025
2013-12-23,41066
2013-12-24,41097
2013-12-25,41114
2013-12-26,41143
2013-12-27,41178
2013-12-28,41209
2013-12-29,41649
2013-12-30,41861
2013-12-31,41913
2014-01-01,42004
2014-01-02,42073
2014-01-03,42143
2014-01-04,42206
2014-01-05,42279
2014-01-06,42315
2014-01-07,42369
2014-01-08,42414
2014-01-09,42461
2014-01-10,42500
2014-01-11,42557
2014-01-12,42592
2014-01-13,42622
2014-01-14,42668
2014-01-15,42719
2014-01-16,42780
2014-01-17,42827
2014-01-18,42864
2014-01-19,42926
2014-01-20,42976
2014-01-21,43040
2014-01-22,43136
2014-01-23,43207
2014-01-24,43311
2014-01-25,43418
2014-01-26,44722
2014-01-27,44885
2014-01-28,45059
2014-01-29,45184
2014-01-30,45298
2014-01-31,45422
2014-02-01,45523
2014-02-02,45605
2014-02-03,45679
2014-02-04,45765
2014-02-05,45841
2014-02-06,45892
2014-02-07,45944
2014-02-08,45996
2014-02-09,46071
2014-02-10,46131
2014-02-11,46191
2014-02-12,46235
2014-02-13,46284
2014-02-14,46312
2014-02-15,46371
2014-02-16,46413
2014-02-17,46462
2014-02-18,46501
2014-02-19,46608
2014-02-20,46694
2014-02-21,46748
2014-02-22,46780
2014-02-23,46857
2014-02-24,46896
2014-02-25,46962
2014-02-26,47035
2014-02-27,47119
2014-02-28,47191
2014-03-01,47245
2014-03-02,47309
2014-03-03,47372
2014-03-04,47417
2014-03-05,47460
2014-03-06,47561
2014-03-07,47638
2014-03-08,48698
2014-03-09,48773
2014-03-10,48849
2014-03-11,48956
2014-03-12,49577
2014-03-13,49779
2014-03-14,49951
2014-03-15,50277
2014-03-16,50919
2014-03-17,51501
2014-03-18,51965
2014-03-19,52085
2014-03-20,52191
2014-03-21,52273
2014-03-22,52373
2014-03-23,52466
2014-03-24,52527
2014-03-25,52599
2014-03-26,52650
2014-03-27,52707
2014-03-28,52742
2014-03-29,52771
2014-03-30,53016
2014-03-31,53234
2014-04-01,53361
2014-04-02,53427
2014-04-03,53535
2014-04-04,53623
2014-04-05,53689
2014-04-06,53978
2014-04-07,54197
2014-04-08,54335
2014-04-09,54442
2014-04-10,54524
2014-04-11,54614
2014-04-12,54663
2014-04-13,54776
2014-04-14,54844
2014-04-15,54931
2014-04-16,54988
2014-04-17,55023
2014-04-18,55080
2014-04-19,55095
2014-04-20,55216
2014-04-21,55376
2014-04-22,55459
2014-04-23,55523
2014-04-24,55590
2014-04-25,55657
2014-04-26,55714
2014-04-27,55810
2014-04-28,56071
2014-04-29,56179
2014-04-30,56244
2014-05-01,56319
2014-05-02,56370
2014-05-03,56414
2014-05-04,56460
2014-05-05,56509
2014-05-06,56565
2014-05-07,56626
2014-05-08,56699
2014-05-09,56747
2014-05-10,56817
2014-05-11,56936
2014-05-12,57080
2014-05-13,57217
2014-05-14,57296
2014-05-15,57357
2014-05-16,57398
2014-05-17,57439
2014-05-18,57499
2014-05-19,57562
2014-05-20,57612
2014-05-21,57675
2014-05-22,57724
2014-05-23,57762
2014-05-24,57840
2014-05-25,58092
2014-05-26,58543
2014-05-27,58671
2014-05-28,58773
2014-05-29,58851
2014-05-30,58904
2014-05-31,58939
2014-06-01,58995
2014-06-02,59038
2014-06-03,59082
2014-06-04,59112
2014-06-05,59146
2014-06-06,59176
2014-06-07,59186
2014-06-08,59386
2014-06-09,59589
2014-06-10,59691
2014-06-11,59771
2014-06-12,59817
2014-06-13,59861
2014-06-14,59906
2014-06-15,59957
2014-06-16,60053
2014-06-17,60108
2014-06-18,60150
2014-06-19,60181
2014-06-20,60208
2014-06-21,60216
2014-06-22,60282
2014-06-23,60373
2014-06-24,60438
2014-06-25,60487
2014-06-26,60572
2014-06-27,60657
2014-06-28,60676
2014-06-29,60710
2014-06-30,60743
2014-07-01,60798
2014-07-02,60826
2014-07-03,60846
2014-07-04,60870
2014-07-05,60893
2014-07-06,60994
2014-07-07,61111
2014-07-08,61180
2014-07-09,61246
2014-07-10,61284
2014-07-11,61333
2014-07-12,61373
2014-07-13,61424
2014-07-14,61466
2014-07-15,61504
2014-07-16,61544
2014-07-17,61576
2014-07-18,61594
2014-07-19,61575
2014-07-20,61697
2014-07-21,61798
2014-07-22,61882
2014-07-23,61933
2014-07-24,61985
2014-07-25,62029
2014-07-26,62025
2014-07-27,62208
2014-07-28,62337
2014-07-29,62405
2014-07-30,62473
2014-07-31,62516
2014-08-01,62553
2014-08-02,62595
2014-08-03,62648
2014-08-04,62683
2014-08-05,62723
2014-08-06,62764
2014-08-07,62793
2014-08-08,62827
2014-08-09,62871
2014-08-10,62927
2014-08-11,62997
2014-08-12,63039
2014-08-13,63092
2014-08-14,63115
2014-08-15,63156
2014-08-16,63189
2014-08-17,63324
2014-08-18,63369
2014-08-19,63403
2014-08-20,63464
2014-08-21,63510
2014-08-22,63572
2014-08-23,63576
2014-08-24,63801
2014-08-25,63986
2014-08-26,64078
2014-08-27,64140
2014-08-28,64207
2014-08-29,64278
2014-08-30,64322
2014-08-31,64385
2014-09-01,64468
2014-09-02,64530
2014-09-03,64581
2014-09-04,64618
2014-09-05,64664
2014-09-06,64692
2014-09-07,64837
2014-09-08,64975
2014-09-09,65050
2014-09-10,65102
2014-09-11,65189
2014-09-12,65236
2014-09-13,65302
2014-09-14,65375
2014-09-15,65409
2014-09-16,65457
2014-09-17,65497
2014-09-18,65541
2014-09-19,65546
2014-09-20,65574
2014-09-21,65696
2014-09-22,65996
2014-09-23,66064
2014-09-24,66135
2014-09-25,66184
2014-09-26,66219
2014-09-27,66268
2014-09-28,66305
2014-09-29,66336
2014-09-30,66365
2014-10-01,66392
2014-10-02,66422
2014-10-03,66468
2014-10-04,66551
2014-10-05,67450
2014-10-06,67884
2014-10-07,68082
2014-10-08,68195
2014-10-09,68267
2014-10-10,68343
2014-10-11,68414
2014-10-12,68576
2014-10-13,68714
2014-10-14,68812
2014-10-15,68914
2014-10-16,69037
2014-10-17,69080
2014-10-18,69153
2014-10-19,69231
2014-10-20,69293
2014-10-21,69375
2014-10-22,69433
2014-10-23,69491
2014-10-24,69544
2014-10-25,69668
2014-10-26,69742
2014-10-27,69805
2014-10-28,69935
2014-10-29,70027
2014-10-30,70098
2014-10-31,70161
2014-11-01,70198
2014-11-02,70314
2014-11-03,70472
2014-11-04,70566
2014-11-05,70636
2014-11-06,70700
2014-11-07,70767
2014-11-08,70803
2014-11-09,70903
2014-11-10,71033
2014-11-11,71128
2014-11-12,71200
2014-11-13,71255
2014-11-14,71303
2014-11-15,71349
2014-11-16,71390
2014-11-17,71451
2014-11-18,71524
2014-11-19,71572
2014-11-20,71634
2014-11-21,71679
2014-11-22,71686
2014-11-23,72000
2014-11-24,72167
2014-11-25,72274
2014-11-26,72362
2014-11-27,72432
2014-11-28,72484
2014-11-29,72540
2014-11-30,72604
2014-12-01,72651
2014-12-02,72715
2014-12-03,72756
2014-12-04,72804
2014-12-05,72849
2014-12-06,72892
2014-12-07,72940
2014-12-08,72981
2014-12-09,73023
2014-12-10,73067
2014-12-11,73133
2014-12-12,73185
2014-12-13,73236
2014-12-14,73305
2014-12-15,73354
2014-12-16,73399
2014-12-17,73440
2014-12-18,73492
2014-12-19,73525
2014-12-20,73563
2014-12-21,73599
2014-12-22,73623
2014-12-23,73664
2014-12-24,73689
2014-12-25,73695
2014-12-26,73713
2014-12-27,73737
2014-12-28,73768
2014-12-29,73805
2014-12-30,73843
2014-12-31,73874
2015-01-01,73908
2015-01-02,73942
2015-01-03,74010
2015-01-04,74050
2015-01-05,74096
2015-01-06,74149
2015-01-07,74191
2015-01-08,74226
2015-01-09,74270
2015-01-10,74304
2015-01-11,74327
2015-01-12,74351
2015-01-13,74380
2015-01-14,74413
2015-01-15,74450
2015-01-16,74493
2015-01-17,74535
2015-01-18,74586
2015-01-19,74623
2015-01-20,74676
2015-01-21,74730
2015-01-22,74768
2015-01-23,74817
2015-01-24,74894
2015-01-25,74951
2015-01-26,74991
2015-01-27,75019
2015-01-28,75055
2015-01-29,75122
2015-01-30,75244
2015-01-31,75406
2015-02-01,75564
2015-02-02,75635
2015-02-03,75724
2015-02-04,75793
2015-02-05,75844
2015-02-06,75891
2015-02-07,75938
2015-02-08,75999
2015-02-09,76045
2015-02-10,76093
2015-02-11,76142
2015-02-12,76173
2015-02-13,76212
2015-02-14,76257
2015-02-15,76326
2015-02-16,76375
2015-02-17,76440
2015-02-18,76492
2015-02-19,76550
2015-02-20,76597
2015-02-21,76670
2015-02-22,76803
2015-02-23,76872
2015-02-24,76940
2015-02-25,76986
2015-02-26,77047
2015-02-27,77090
2015-02-28,77148
2015-03-01,77225
2015-03-02,77299
2015-03-03,77367
2015-03-04,77442
2015-03-05,77553
2015-03-06,77647
2015-03-07,77798
2015-03-08,77854
2015-03-09,77910
2015-03-10,78012
2015-03-11,78117
2015-03-12,78294
2015-03-13,78487
2015-03-14,78693
2015-03-15,78984
2015-03-16,79408
2015-03-17,79524
2015-03-18,79622
2015-03-19,79747
2015-03-20,79818
2015-03-21,79889
2015-03-22,79986
2015-03-23,80085
2015-03-24,80140
2015-03-25,80199
2015-03-26,80245
2015-03-27,80290
2015-03-28,80388
2015-03-29,80605
2015-03-30,80872
2015-03-31,80967
2015-04-01,81058
2015-04-02,81125
2015-04-03,81191
2015-04-04,81251
2015-04-05,81285
2015-04-06,81356
2015-04-07,81426
2015-04-08,81495
2015-04-09,81568
2015-04-10,81733
2015-04-11,81754
2015-04-12,81868
2015-04-13,82021
2015-04-14,82106
2015-04-15,82170
2015-04-16,82214
2015-04-17,82250
2015-04-18,82288
2015-04-19,82603
2015-04-20,82834
2015-04-21,82946
2015-04-22,83032
2015-04-23,83079
2015-04-24,83116
2015-04-25,83174
2015-04-26,83228
2015-04-27,83386
2015-04-28,83438
2015-04-29,83485
2015-04-30,83538
2015-05-01,83586
2015-05-02,83626
2015-05-03,83666
2015-05-04,83721
2015-05-05,83760
2015-05-06,83803
2015-05-07,83840
2015-05-08,83867
2015-05-09,83906
2015-05-10,84056
2015-05-11,84170
2015-05-12,84242
2015-05-13,84300
2015-05-14,84349
2015-05-15,84411
2015-05-16,84468
2015-05-17,84512
2015-05-18,84562
2015-05-19,84596
2015-05-20,84654
2015-05-21,84700
2015-05-22,84732
2015-05-23,84752
2015-05-24,85077
2015-05-25,85243
2015-05-26,85349
2015-05-27,85424
2015-05-28,85474
2015-05-29,85523
2015-05-30,85574
2015-05-31,85641
2015-06-01,85732
2015-06-02,85784
2015-06-03,85824
2015-06-04,85886
2015-06-05,85922
2015-06-06,85942
2015-06-07,86045
2015-06-08,86191
2015-06-09,86261
2015-06-10,86316
2015-06-11,86374
2015-06-12,86437
2015-06-13,86487
2015-06-14,86534
2015-06-15,86552
2015-06-16,86560
2015-06-17,86610
2015-06-18,86640
2015-06-19,86679
2015-06-20,86665
2015-06-21,86842
2015-06-22,86978
2015-06-23,87052
2015-06-24,87095
2015-06-25,87129
2015-06-26,87163
2015-06-27,87210
2015-06-28,87244
2015-06-29,87285
2015-06-30,87311
2015-07-01,87350
2015-07-02,87392
2015-07-03,87441
2015-07-04,87433
2015-07-05,87511
2015-07-06,87626
2015-07-07,87693
2015-07-08,87747
2015-07-09,87791
2015-07-10,87830
2015-07-11,87911
2015-07-12,87988
2015-07-13,88031
2015-07-14,88068
2015-07-15,88106
2015-07-16,88148
2015-07-17,88223
2015-07-18,88348
2015-07-19,88401
2015-07-20,88450
2015-07-21,88520
2015-07-22,88571
2015-07-23,88621
2015-07-24,88668
2015-07-25,88691
2015-09-28,92402
2015-09-29,92488
2015-09-30,92532
2015-10-01,92589
2015-10-02,92622
2015-10-03,92644
2015-10-04,92675
2015-10-05,92699
2015-10-06,92741
2015-10-07,92772
2015-10-08,92783
2015-10-09,92802
2015-10-10,92816
2015-10-11,92937
2015-10-12,93069
2015-10-13,93128
2015-10-14,93189
2015-10-15,93228
2015-10-16,93260
2015-10-17,93296
2015-10-18,93335
2015-10-19,93390
2015-10-20,93430
2015-10-21,93459
2015-10-22,93500
2015-10-23,93556
2015-10-24,93643
2015-10-25,93846
2015-10-26,93997
2015-10-27,94090
2015-10-28,94147
2015-10-29,94186
2015-10-30,94243
2015-10-31,94254
2015-11-01,94343
2015-11-02,94555
2015-11-03,94612
2015-11-04,94672
2015-11-05,94717
2015-11-06,94737
2015-11-07,94784
2015-11-08,94810
2015-11-09,94857
2015-11-10,94878
2015-11-11,94891
2015-11-12,94943
2015-11-13,94956
2015-11-14,94958
2015-11-15,94959
2015-11-16,95057
2015-11-17,95097
2015-11-18,95138
2015-11-19,95163
2015-11-20,95192
2015-11-21,95212
2015-11-22,95247
2015-11-23,95272
2015-11-24,95281
2015-11-25,95310
2015-11-26,95331
2015-11-27,95348
2015-11-28,95355
2015-11-29,95393
2015-11-30,95484
2015-12-01,95548
2015-12-02,95599
2015-12-03,95651
2015-12-04,95696
2015-12-05,95730
2015-12-06,95761
2015-12-07,95794
2015-12-08,95827
2015-12-09,95847
2015-12-10,95873
2015-12-11,95890
2015-12-12,95903
2015-12-13,95920
2015-12-14,95942
2015-12-15,95616
2015-12-16,95295
2015-12-17,95070
2015-12-18,94872
2015-12-19,94702
2015-12-20,94562
2015-12-21,94405
2015-12-22,94234
2015-12-23,94086
2015-12-24,93920
2015-12-25,93745
2015-12-26,93658
2015-12-27,93487
2015-12-28,93336
2015-12-29,93201
2015-12-30,93030
2015-12-31,92951
2016-01-01,92829
2016-01-02,92753
2016-01-03,92647
2016-01-04,92523
2016-01-05,92430
2016-01-06,92453
2016-01-07,92469
2016-01-08,92481
2016-01-09,92502
2016-01-10,92525
2016-01-11,92541
2016-01-12,92562
2016-01-13,92584
2016-01-14,92623
2016-01-15,92651
2016-01-16,92670
2016-01-17,92686
2016-01-18,92691
2016-01-19,92707
2016-01-20,92730
2016-01-21,92786
2016-01-22,92806
2016-01-23,92831
2016-01-24,92856
2016-01-25,92863
2016-01-26,92884
2016-01-27,92904
2016-01-28,92937
2016-01-29,92965
2016-01-30,92994
2016-01-31,93012
2016-02-01,93038
2016-02-02,93061
2016-02-03,93109
2016-02-04,93149
2016-02-05,93171
2016-02-06,93216
2016-02-07,93235
2016-02-08,93260
2016-02-09,93290
2016-02-10,93312
2016-02-11,93345
2016-02-12,93371
2016-02-13,93418
2016-02-14,93452
2016-02-15,93475
2016-02-16,93499
2016-02-17,93520
2016-02-18,93549
2016-02-19,93658
2016-02-20,93687
2016-02-21,93858
2016-02-22,93994
2016-02-23,94062
2016-02-24,94201
2016-02-25,94266
2016-02-26,94354
2016-02-27,94409
2016-02-28,94434
2016-02-29,94481
2016-03-01,94521
2016-03-02,94571
2016-03-03,94615
2016-03-04,94665
2016-03-05,94716
2016-03-06,94763
2016-03-07,94798
2016-03-08,94833
2016-03-09,94876
2016-03-10,95013
2016-03-11,95053
2016-03-12,95137
2016-03-13,95162
2016-03-14,95188
2016-03-15,95241
2016-03-16,95298
2016-03-17,95392
2016-03-18,95495
2016-03-19,95651
2016-03-20,96587
2016-03-21,96859
2016-03-22,96971
2016-03-23,97067
2016-03-24,97122
2016-03-25,97174
2016-03-26,97235
2016-03-27,97285
2016-03-28,97345
2016-03-29,97383
2016-03-30,97434
2016-03-31,97465
2016-04-01,97498
2016-04-02,97576
2016-04-03,97796
2016-04-04,97958
2016-04-05,98065
2016-04-06,98125
2016-04-07,98258
2016-04-08,98349
2016-04-09,98431
2016-04-10,98534
2016-04-11,98592
2016-04-12,98670
2016-04-13,98718
2016-04-14,98781
2016-04-15,98842
2016-04-16,98839
2016-04-17,99095
2016-04-18,99252
2016-04-19,99360
2016-04-20,99407
2016-04-21,99464
2016-04-22,99525
2016-04-23,99585
2016-04-24,99630
2016-04-25,99660
2016-04-26,99691
2016-04-27,99750
2016-04-28,99779
2016-04-29,99801
2016-04-30,99819
2016-05-01,100416
2016-05-02,100625
2016-05-03,100720
2016-05-04,100787
2016-05-05,100949
2016-05-06,101031
2016-05-07,101090
2016-05-08,101121
2016-05-09,101161
2016-05-10,101201
2016-05-11,101256
2016-05-12,101316
2016-05-13,101382
2016-05-14,101439
2016-05-15,102339
2016-05-16,102630
2016-05-17,102789
2016-05-18,102880
2016-05-19,102951
2016-05-20,103001
2016-05-21,103129
2016-05-22,103204
2016-05-23,103264
2016-05-24,103332
2016-05-25,103405
2016-05-26,103483
2016-05-27,103568
2016-05-28,103882
2016-05-29,104497
2016-05-30,104773
2016-05-31,104901
2016-06-01,105016
2016-06-02,105095
2016-06-03,105165
2016-06-04,105249
2016-06-05,105324
2016-06-06,105400
2016-06-07,105487
2016-06-08,105542
2016-06-09,105622
2016-06-10,105683
2016-06-11,105760
2016-06-12,105960
2016-06-13,106116
2016-06-14,106244
2016-06-15,106346
2016-06-16,106503
2016-06-17,106661
2016-06-18,106761
2016-06-19,107014
2016-06-20,107220
2016-06-21,107359
2016-06-22,107445
2016-06-23,107499
2016-06-24,107531
2016-06-25,107588
2016-06-26,107692
2016-06-27,107749
2016-06-28,107793
2016-06-29,107834
2016-06-30,107986
2016-07-01,108138
2016-07-02,108290
2016-07-03,108442
2016-07-04,108594
2016-07-05,108746
2016-07-06,108903
2016-07-07,108923
2016-07-08,109004
2016-07-09,109029
2016-07-10,109364
2016-07-11,109532
2016-07-12,109602
2016-07-13,109679
2016-07-14,109734
2016-07-15,109798
2016-07-16,109842
2016-07-17,109917
2016-07-18,109965
2016-07-19,110002
2016-07-20,110051
2016-07-21,110096
2016-07-22,110146
2016-07-23,110255
2016-07-24,110503
2016-07-25,110671
2016-07-26,110774
2016-07-27,110850
2016-07-28,110905
2016-07-29,110951
2016-07-30,110995
2016-07-31,111256
2016-08-01,111400
2016-08-02,111498
2016-08-03,111569
2016-08-04,111635
2016-08-05,111673
2016-08-06,111727
2016-08-07,111773
2016-08-08,111805
2016-08-09,111835
2016-08-10,111870
2016-08-11,111888
2016-08-12,111912
2016-08-13,111927
2016-08-14,111970
2016-08-15,111982
2016-08-16,112013
2016-08-17,112061
2016-08-18,112130
2016-08-19,112193
2016-08-20,112236
2016-08-21,112327
2016-08-22,112415
2016-08-23,112496
2016-08-24,112550
2016-08-25,112605
2016-08-26,112651
2016-08-27,112772
2016-08-28,113164
2016-08-29,113350
2016-08-30,113460
2016-08-31,113637
2016-09-01,113687
2016-09-02,113790
2016-09-03,113834
2016-09-04,114024
2016-09-05,114187
2016-09-06,114331
2016-09-07,114448
2016-09-08,114549
2016-09-09,114606
2016-09-10,114755
2016-09-11,114861
2016-09-12,114913
2016-09-13,114975
2016-09-14,115026
2016-09-15,115082
2016-09-16,115136
2016-09-17,115234
2016-09-18,115373
2016-09-19,115537
2016-09-20,115641
2016-09-21,115719
2016-09-22,115798
2016-09-23,115927
2016-09-24,116090
2016-09-25,116171
2016-09-26,116217
2016-09-27,116255
2016-09-28,116305
2016-09-29,116361
2016-09-30,116415
2016-10-01,116407
2016-10-02,116848
2016-10-03,117257
2016-10-04,117373
2016-10-05,117474
2016-10-06,117540
2016-10-07,117623
2016-10-08,117667
2016-10-09,117919
2016-10-10,118080
2016-10-11,118163
2016-10-12,118233
2016-10-13,118348
2016-10-14,118587
2016-10-15,118865
2016-10-16,119130
2016-10-17,119421
2016-10-18,119712
2016-10-19,120003
2016-10-20,120294
2016-10-21,120585
2016-10-22,120876
2016-10-23,121167
2016-10-24,121465
2016-10-25,121781
2016-10-26,122097
2016-10-27,122413
2016-10-28,122729
2016-10-29,123045
2016-10-30,123361
2016-10-31,123677
2016-11-01,123993
2016-11-02,124309
2016-11-03,124625
2016-11-04,124941
2016-11-05,125257
2016-11-06,125573
2016-11-07,125901
2016-11-08,126143
2016-11-09,126385
2016-11-10,126628
2016-11-11,126857
2016-11-12,127089
2016-11-13,128047
2016-11-14,128393
2016-11-15,128740
2016-11-16,129092
2016-11-17,129380
2016-11-18,129754
2016-11-19,129968
2016-11-20,130183
2016-11-21,130486
2016-11-22,130789
2016-11-23,130983
2016-11-24,131178
2016-11-25,131583
2016-11-26,131988
2016-11-27,132393
2016-11-28,132780
2016-11-29,133167
2016-11-30,133612
2016-12-01,134007
2016-12-02,134402
2016-12-03,134797
2016-12-04,135194
2016-12-05,135422
2016-12-06,135680
2016-12-07,135938
2016-12-08,136196
2016-12-09,136454
2016-12-10,136712
2016-12-11,136970
2016-12-12,137228
2016-12-13,137486
2016-12-14,137744
2016-12-15,138002
2016-12-16,138260
2016-12-17,138518
2016-12-18,138776
2016-12-19,139034
2016-12-20,139292
2016-12-21,139550
2016-12-22,139808
2016-12-23,140066
2016-12-24,140324
2016-12-25,140582
2016-12-26,140840
2016-12-27,141098
2016-12-28,141356
2016-12-29,141614
2016-12-30,141874
2016-12-31,142095
2017-01-01,142399
2017-01-02,142714
2017-01-03,143007
2017-01-04,143290
2017-01-05,143589
2017-01-06,143873
2017-01-07,144148
2017-01-08,144428
2017-01-09,144721
2017-01-10,145037
2017-01-11,145318
2017-01-12,145564
2017-01-13,145831
2017-01-14,146067
2017-01-15,146317
2017-01-16,146684
2017-01-17,147041
2017-01-18,147340
2017-01-19,147631
2017-01-20,147900
2017-01-21,148141
2017-01-22,148451
2017-01-23,148825
2017-01-24,149187
2017-01-25,149479
2017-01-26,149755
2017-01-27,150015
2017-01-28,150295
2017-01-29,150623
2017-01-30,150902
2017-01-31,151151
2017-02-01,151408
2017-02-02,151740
2017-02-03,152034
2017-02-04,152282
2017-02-05,152543
2017-02-06,152830
2017-02-07,153120
2017-02-08,153438
2017-02-09,153686
2017-02-10,153943
2017-02-11,154141
2017-02-12,154400
2017-02-13,154656
2017-02-14,154908
2017-02-15,155147
2017-02-16,155434
2017-02-17,155802
2017-02-18,156039
2017-02-19,156273
2017-02-20,156731
2017-02-21,157124
2017-02-22,157491
2017-02-23,157879
2017-02-24,158319
2017-02-25,158589
2017-02-26,159057
2017-02-27,159456
2017-02-28,159876
2017-03-01,160249
2017-03-02,160616
2017-03-03,160888
2017-03-04,161152
2017-03-05,161474
2017-03-06,161787
2017-03-07,162105
2017-03-08,162485
2017-03-09,162737
2017-03-10,162848
2017-03-11,163015
2017-03-12,163065
2017-03-13,163115
2017-03-14,163268
2017-03-15,163370
2017-03-16,163440
2017-03-17,163495
2017-03-18,163567
2017-03-19,163632
2017-03-20,163733
2017-03-21,163840
2017-03-22,163994
2017-03-23,164192
2017-03-24,164037
2017-03-25,164511
2017-03-26,165721
2017-03-27,166026
2017-03-28,166229
2017-03-29,166329
2017-03-30,166429
2017-03-31,166515
2017-04-01,166681
2017-04-02,166798
2017-04-03,166871
2017-04-04,166940
2017-04-05,167103
2017-04-06,167277
2017-04-07,167389
2017-04-08,167450
2017-04-09,167994
2017-04-10,168222
2017-04-11,168362
2017-04-12,168500
2017-04-13,168615
2017-04-14,168779
2017-04-15,168902
2017-04-16,169266
2017-04-17,169535
2017-04-18,170163
2017-04-19,170372
2017-04-20,170567
2017-04-21,170647
2017-04-22,170792
2017-04-23,170895
2017-04-24,170979
2017-04-25,171056
2017-04-26,171141
2017-04-27,171287
2017-04-28,171343
2017-04-29,171536
2017-04-30,171956
2017-05-01,172199
2017-05-02,172348
2017-05-03,172427
2017-05-04,172510
2017-05-05,172591
2017-05-06,172766
2017-05-07,172850
2017-05-08,172950
2017-05-09,173443
2017-05-10,174691
2017-05-11,176033
2017-05-12,177489
2017-05-13,178763
2017-05-14,180553
2017-05-15,181931
2017-05-16,183298
2017-05-17,184651
2017-05-18,185807
2017-05-19,186873
2017-05-20,187933
2017-05-21,189342
2017-05-22,190617
2017-05-23,192258
2017-05-24,193621
2017-05-25,194907
2017-05-26,196009
2017-05-27,197267
2017-05-28,199809
2017-05-29,201378
2017-05-30,202558
2017-05-31,203141
2017-06-01,203649
2017-06-02,204069
2017-06-03,204512
2017-06-04,205003
2017-06-05,205471
2017-06-06,205949
2017-06-07,206405
2017-06-08,207028
2017-06-09,207693
2017-06-10,208498
2017-06-11,209349
2017-06-12,209976
2017-06-13,210455
2017-06-14,211076
2017-06-15,211556
2017-06-16,211975
2017-06-17,212384
2017-06-18,212819
2017-06-19,213299
2017-06-20,213716
2017-06-21,214145
2017-06-22,214575
2017-06-23,215016
2017-06-24,215582
2017-06-25,217218
2017-06-26,218435
2017-06-27,218889
2017-06-28,219241
2017-06-29,219583
2017-06-30,219831
2017-07-01,220123
2017-07-02,220451
2017-07-03,220795
2017-07-04,221077
2017-07-05,221426
2017-07-06,221694
2017-07-07,221994
2017-07-08,222331
2017-07-09,222884
2017-07-10,223272
2017-07-11,223571
2017-07-12,223859
2017-07-13,224286
2017-07-14,224713
2017-07-15,225140
2017-07-16,225567
2017-07-17,225994
2017-07-18,226426
2017-07-19,226625
2017-07-20,226985
2017-07-21,227214
2017-07-22,227454
2017-07-23,227700
2017-07-24,227955
2017-07-25,228185
2017-07-26,228404
2017-07-27,228656
2017-07-28,228873
2017-07-29,229092
2017-07-30,229993
2017-07-31,230323
2017-08-01,230585
2017-08-02,230861
2017-08-03,231069
2017-08-04,231288
2017-08-05,231499
2017-08-06,231745
2017-08-07,231968
2017-08-08,232195
2017-08-09,232437
2017-08-10,232738
2017-08-11,232920
2017-08-12,233126
2017-08-13,233340
2017-08-14,233581
2017-08-15,233809
2017-08-16,233993
2017-08-17,234191
2017-08-18,234414
2017-08-19,234933
2017-08-20,235130
2017-08-21,235319
2017-08-22,235604
2017-08-23,235816
2017-08-24,236012
2017-08-25,236236
2017-08-26,236503
2017-08-27,237026
2017-08-28,237432
2017-08-29,237726
2017-08-30,237978
2017-08-31,238240
2017-09-01,238443
2017-09-02,238837
2017-09-03,239406
2017-09-04,239749
2017-09-05,240058
2017-09-06,240485
2017-09-07,241016
2017-09-08,241373
2017-09-09,241613
2017-09-10,241945
2017-09-11,242142
2017-09-12,242310
2017-09-13,242546
2017-09-14,242825
2017-09-15,243074
2017-09-16,243420
2017-09-17,244955
2017-09-18,245482
2017-09-19,245773
2017-09-20,246071
2017-09-21,246276
2017-09-22,246462
2017-09-23,246667
2017-09-24,246947
2017-09-25,247246
2017-09-26,247464
2017-09-27,247679
2017-09-28,247881
2017-09-29,248248
2017-09-30,248632
2017-10-01,250010
2017-10-02,250378
2017-10-03,250715
2017-10-04,251163
2017-10-05,251427
2017-10-06,251983
2017-10-07,252539
2017-10-08,253072
2017-10-09,253606
2017-10-10,253829
2017-10-11,254053
2017-10-12,254240
2017-10-13,254428
2017-10-14,254799
2017-10-15,255075
2017-10-16,255273
2017-10-17,255498
2017-10-18,255705
2017-10-19,255938
2017-10-20,256346
2017-10-21,256754
2017-10-22,257163
2017-10-23,257730
2017-10-24,258092
2017-10-25,258402
2017-10-26,258750
2017-10-27,259014
2017-10-28,259331
2017-10-29,260056
2017-10-30,260511
2017-10-31,260800
2017-11-01,261105
2017-11-02,261333
2017-11-03,261577
2017-11-04,261915
2017-11-05,262253
2017-11-06,262591
2017-11-07,262918
2017-11-08,263245
2017-11-09,263572
2017-11-10,263899
2017-11-11,264226
2017-11-12,264555
2017-11-13,264970
2017-11-14,265287
2017-11-15,265654
2017-11-16,266118
2017-11-17,266334
2017-11-18,266644
2017-11-19,267047
2017-11-20,267377
2017-11-21,267670
2017-11-22,268044
2017-11-23,268442
2017-11-24,268690
2017-11-25,268935
2017-11-26,269593
2017-11-27,269972
2017-11-28,270223
2017-11-29,270555
2017-11-30,270772
2017-12-01,270953
2017-12-02,271138
2017-12-03,271304
2017-12-04,271482
2017-12-05,271642
2017-12-06,271852
2017-12-07,272154
2017-12-08,272418
2017-12-09,272722
2017-12-10,273107
2017-12-11,273403
2017-12-12,273741
2017-12-13,274088
2017-12-14,274428
2017-12-15,274722
2017-12-16,274996
2017-12-17,275337
2017-12-18,275672
2017-12-19,275984
2017-12-20,276232
2017-12-21,276752
2017-12-22,277007
2017-12-23,277311
2017-12-24,277641
2017-12-25,277943
2017-12-26,278286
2017-12-27,278621
2017-12-28,278983
2017-12-29,279255
2017-12-30,279755
2017-12-31,280174
2018-01-01,280553
2018-01-02,280968
2018-01-03,281366
2018-01-04,281727
2018-01-05,282156
2018-01-06,282746
2018-01-07,283155
2018-01-08,283526
2018-01-09,283874
2018-01-10,284251
2018-01-11,284689
2018-01-12,285032
2018-01-13,285425
2018-01-14,285801
2018-01-15,286150
2018-01-16,286466
2018-01-17,286971
2018-01-18,287437
2018-01-19,287782
2018-01-20,288140
2018-01-21,288475
2018-01-22,288778
2018-01-23,289092
2018-01-24,289406
2018-01-25,289666
2018-01-26,289850
2018-01-27,290123
2018-01-28,290353
2018-01-29,290564
2018-01-30,290775
2018-01-31,291013
2018-02-01,291192
2018-02-02,291329
2018-02-03,291529
2018-02-04,291707
2018-02-05,291923
2018-02-06,292133
2018-02-07,292313
2018-02-08,292506
2018-02-09,292708
2018-02-10,292842
2018-02-11,293226
2018-02-12,293409
2018-02-13,293604
2018-02-14,293815
2018-02-15,294107
2018-02-16,294277
2018-02-17,294432
2018-02-18,294689
2018-02-19,295570
2018-02-20,295966
2018-02-21,296201
2018-02-22,296537
2018-02-23,296843
2018-02-24,297149
2018-02-25,297455
2018-02-26,297761
2018-02-27,298067
2018-03-14,302014
2018-03-15,302184
2018-03-16,302422
2018-03-17,302595
2018-03-18,302823
2018-03-19,303153
2018-03-20,303447
2018-03-21,303756
2018-03-22,304268
2018-03-23,305056
2018-03-24,306238
2018-03-25,306302
2018-03-26,307617
2018-03-27,308154
2018-03-28,308733
2018-03-29,309272
2018-03-30,309822
2018-03-31,310434
2018-04-01,311039
2018-04-02,311682
2018-04-03,312225
2018-04-04,312601
2018-04-05,313089
2018-04-06,313936
2018-04-07,314572
2018-04-08,316762
2018-04-09,318053
2018-04-10,318764
2018-04-11,319467
2018-04-12,320230
2018-04-13,320787
2018-04-14,321396
2018-04-15,323182
2018-04-16,324132
2018-04-17,324872
2018-04-18,325380
2018-04-19,325972
2018-04-20,326444
2018-04-21,327094
2018-04-22,327833
2018-04-23,328469
2018-04-24,329141
2018-04-25,329600
2018-04-26,330115
2018-04-27,330748
2018-04-28,331573
2018-04-29,333776
2018-04-30,335687
2018-05-01,336705
2018-05-02,337774
2018-05-03,338431
2018-05-04,339043
2018-05-05,339702
2018-05-06,340550
2018-05-07,341204
2018-05-08,341873
2018-05-09,342495
2018-05-10,343177
2018-05-11,343946
2018-05-12,344595
2018-05-13,345575
2018-05-14,346439
2018-05-15,347016
2018-05-16,347674
2018-05-17,348274
2018-05-18,348834
2018-05-19,349471
2018-05-20,350160
2018-05-21,350860
2018-05-22,351468
2018-05-23,351967
2018-05-24,352762
2018-05-25,353397
2018-05-26,354123
2018-05-27,355270
2018-05-28,357332
2018-05-29,357736
2018-05-30,358481
2018-05-31,359326
2018-06-01,360328
2018-06-02,361094
2018-06-03,361787
2018-06-04,362014
2018-06-05,363355
2018-06-06,364016
2018-06-07,364706
2018-06-08,365472
2018-06-09,366280
2018-06-10,367237
2018-06-11,368091
2018-06-12,368975
2018-06-13,369749
2018-06-14,370337
2018-06-15,371018
2018-06-16,371807
2018-06-17,372514
2018-06-18,373258
2018-06-19,374111
2018-06-20,374870
2018-06-21,375424
2018-06-22,376082
2018-06-23,376707
2018-06-24,377597
2018-06-25,378622
2018-06-26,379446
2018-06-27,380266
2018-06-28,380958
2018-06-29,381656
2018-06-30,382192
2018-07-01,383102
2018-07-02,383898
2018-07-03,384618
2018-07-04,385461
2018-07-05,386219
2018-07-06,386870
2018-07-07,387896
2018-07-08,389282
2018-07-09,390440
2018-07-10,391101
2018-07-11,392068
2018-07-12,392884
2018-07-13,393610
2018-07-14,394411
2018-07-15,395297
2018-07-16,396059
2018-07-17,396664
2018-07-18,397310
2018-07-19,397938
2018-07-20,398736
2018-07-21,399739
2018-07-22,400742
2018-07-23,401661
2018-07-24,402714
2018-07-25,403509
2018-07-26,404152
2018-07-27,404851
2018-07-28,405427
2018-07-29,406735
2018-07-30,407714
2018-07-31,408393
2018-08-01,409022
2018-08-02,409658
2018-08-03,410387
2018-08-04,410761
2018-08-05,411083
2018-08-06,411270
2018-08-07,411446
2018-08-08,411601
2018-08-09,411787
2018-08-10,411890
2018-08-11,411956
2018-08-12,412157
2018-08-13,412306
2018-08-14,412636
2018-08-15,412801
2018-08-16,412994
2018-08-17,413091
2018-08-18,413245
2018-08-19,413408
2018-08-20,413633
2018-08-21,413769
2018-08-22,413900
2018-08-23,414069
2018-08-24,414259
2018-08-25,414469
2018-08-26,415012
2018-08-27,415466
2018-08-28,415742
2018-08-29,416012
2018-08-30,416666
2018-08-31,417332
2018-09-01,418529
2018-09-02,419730
2018-09-03,420857
2018-09-04,421494
2018-09-06,422808
2018-09-07,423487
2018-09-08,423975
2018-09-09,424613
2018-09-10,425444
2018-09-24,437013
2018-09-25,437694
2018-09-26,438315
2018-09-27,438914
2018-09-28,439537
2018-09-29,440364
2018-09-30,441667
2018-10-01,442562
2018-10-02,443274
2018-10-03,443971
2018-10-04,444550
2018-10-05,445343
2018-10-06,446447
2018-10-07,447579
2018-10-08,448233
2018-10-09,448872
2018-10-10,449500
2018-10-11,450105
2018-10-12,450604
2018-10-13,451177
2018-10-14,452137
2018-10-15,452727
2018-10-16,453233
2018-10-17,454151
2018-10-18,454896
2018-10-19,455556
2018-10-20,456340
2018-10-21,458183
2018-10-22,459735
2018-10-23,460997
2018-10-24,461695
2018-10-25,462336
2018-10-26,462888
2018-10-27,463459
2018-10-28,464755
2018-10-29,465734
2018-10-30,466524
2018-10-31,467317
2018-11-01,468012
2018-11-02,468729
2018-11-03,469540
2018-11-04,470315
2018-11-05,470845
2018-11-06,471525
2018-11-07,471953
2018-11-08,472423
2018-11-09,472892
2018-11-10,473400
2018-11-11,474458
2018-11-12,475594
2018-11-13,476182
2018-11-14,476610
2018-11-15,476775
2018-11-16,476888
2018-11-17,476989
2018-11-18,477408
2018-11-19,477657
2018-11-20,477819
2018-11-21,477982
2018-11-22,478216
2018-11-23,478437
2018-11-24,478498
2018-11-25,478860
2018-11-26,479271
2018-11-27,479570
2018-11-28,479799
2018-11-29,480004
2018-11-30,480182
2018-12-01,480311
2018-12-02,480465
2018-12-03,480484
2018-12-04,480651
2018-12-05,480825
2018-12-06,480975
2018-12-07,481256
2018-12-08,481404
2018-12-09,481542
2018-12-10,481699
2018-12-11,481865
2018-12-12,481979
2018-12-13,482058
2018-12-14,482195
2018-12-15,482307
2018-12-16,482477
2018-12-17,482701
2018-12-18,482970
2018-12-19,483118
2018-12-20,483250
2018-12-21,483368
2018-12-22,483567
2018-12-23,483669
2018-12-24,483773
2018-12-25,483869
2018-12-26,484028
2018-12-27,484180
2018-12-28,484295
2018-12-29,484446
2018-12-30,484559
2018-12-31,484693
2019-01-01,484810
2019-01-02,484921
2019-01-03,485075
2019-01-04,485208
2019-01-05,485328
2019-01-06,485443
2019-01-07,485654
2019-01-08,485778
2019-01-09,485972
2019-01-10,486166
2019-01-11,486609
2019-01-12,486773
2019-01-13,486973
2019-01-14,487168
2019-01-15,487720
2019-01-16,487904
2019-01-17,488078
2019-01-18,488237
2019-01-19,488309
2019-01-20,488429
2019-01-21,488602
2019-01-22,488793
2019-01-23,488965
2019-01-24,489127
2019-01-25,489243
2019-01-26,489349
2019-01-27,489469
2019-01-28,489596
2019-01-29,489751
2019-01-30,489895
2019-01-31,490011
2019-02-01,490227
2019-02-02,490441
2019-02-03,490597
2019-02-04,490766
2019-02-05,490966
2019-02-06,491142
2019-02-07,491432
2019-02-08,491649
2019-02-09,491853
2019-02-10,492100
2019-02-11,492462
2019-02-12,492938
2019-02-13,493404
2019-02-14,493776
2019-02-15,494135
2019-02-16,494365
2019-02-17,494673
2019-02-18,495365
2019-02-19,496031
2019-02-20,496633
2019-02-21,497283
2019-02-22,497740
2019-02-23,498028
2019-02-24,498281
2019-02-25,498486
2019-02-26,498754
2019-02-27,499011
2019-02-28,499276
2019-03-01,499512
2019-03-02,499729
2019-03-03,499971
2019-03-04,500434
2019-03-05,500714
2019-03-06,500918
2019-03-07,501161
2019-03-08,501470
2019-03-09,502148
2019-03-10,503192
2019-03-11,504644
2019-03-12,505810
2019-03-13,507083
2019-03-14,508719
2019-03-15,510247
2019-03-16,512674
2019-03-17,516671
2019-03-18,518463
2019-03-19,519455
2019-03-20,520183
2019-03-21,520883
2019-03-22,521492
2019-03-23,522036
2019-03-24,522768
2019-03-25,523444
2019-03-26,524022
2019-03-27,524589
2019-03-28,525082
2019-03-29,525788
2019-03-30,527309
2019-03-31,530815
2019-04-01,532912
2019-04-02,533906
2019-04-03,534527
2019-04-04,535109
2019-04-05,535544
2019-04-06,535927
2019-04-07,536491
2019-04-08,536954
2019-04-09,537412
2019-04-10,537792
2019-04-11,538418
2019-04-12,539002
2019-04-13,539518
2019-04-14,540546
2019-04-15,541263
2019-04-16,541742
2019-04-17,542104
2019-04-18,542414
2019-04-19,542754
2019-04-20,543051
2019-04-21,543429
2019-04-22,543758
2019-04-23,544033
2019-04-24,544321
2019-04-25,544639
2019-04-26,545300
2019-04-27,545988
2019-04-28,547169
2019-04-29,547867
2019-04-30,548265
2019-05-01,548694
2019-05-02,549007
2019-05-03,549285
2019-05-04,549524
2019-05-05,549838
2019-05-06,550107
2019-05-07,550372
2019-05-08,550616
2019-05-09,550909
2019-05-10,551232
2019-05-11,553099
2019-05-12,554340
2019-05-13,554880
2019-05-14,555451
2019-05-15,555822
2019-05-16,556148
2019-05-17,556631
2019-05-18,557106
2019-05-19,557364
2019-05-20,557591
2019-05-21,558416
2019-05-22,560026
2019-05-23,560484
2019-05-24,560974
2019-05-25,561687
2019-05-26,563027
2019-05-27,563868
2019-05-28,564340
2019-05-29,564700
2019-05-30,564955
2019-05-31,565239
2019-06-01,565498
2019-06-02,565756
2019-06-03,565992
2019-06-04,566248
2019-06-05,566476
2019-06-06,566715
2019-06-07,566944
2019-06-08,567596
2019-06-09,569839
2019-06-10,572120
2019-06-11,572672
2019-06-12,573165
2019-06-13,573508
2019-06-14,573801
2019-06-15,574180
2019-06-16,574545
2019-06-17,574849
2019-06-18,575233
2019-06-19,575502
2019-06-20,575999
2019-06-21,576549
2019-06-22,576813
2019-06-23,577691
2019-06-24,578627
2019-06-25,579021
2019-06-26,579342
2019-06-27,580177
2019-06-28,580561
2019-06-29,581282
2019-06-30,583333
2019-07-01,584499
2019-07-02,585280
2019-07-03,586029
2019-07-04,586851
2019-07-05,587500
2019-07-06,588184
2019-07-07,588803
2019-07-08,589557
2019-07-09,590319
2019-07-10,591095
2019-07-11,591959
2019-07-12,592847
2019-07-13,593787
2019-07-14,595963
2019-07-15,597811
2019-07-16,598687
2019-07-17,599448
2019-07-18,600106
2019-07-19,600917
2019-07-20,601553
2019-07-21,602402
2019-07-22,603166
2019-07-23,603911
2019-07-24,604629
2019-07-25,605439
2019-07-26,606295
2019-07-27,607254
2019-07-28,610177
2019-07-29,613448
2019-07-30,614551
2019-07-31,615612
2019-08-01,616576
2019-08-02,617456
2019-08-03,619033
2019-08-04,621123
2019-08-05,622463
2019-08-06,623467
2019-08-07,624284
2019-08-08,625105
2019-08-09,625855
2019-08-10,626597
2019-08-11,627477
2019-08-12,629145
2019-08-13,630022
2019-08-14,630663
2019-08-15,631378
2019-08-16,632163
2019-08-17,632862
2019-08-18,633621
2019-08-19,634359
2019-08-20,635043
2019-08-21,635730
2019-08-22,636472
2019-08-23,637157
2019-08-24,637806
2019-08-25,638451
2019-08-26,639232
2019-08-27,639879
2019-08-28,640443
2019-08-29,641209
2019-08-30,641952
2019-08-31,643483
2019-09-01,646118
2019-09-02,647431
2019-09-03,648275
2019-09-04,649087
2019-09-05,650175
2019-09-06,650991
2019-09-07,653695
2019-09-08,656456
2019-09-09,657915
2019-09-10,658870
2019-09-11,659655
2019-09-12,660561
2019-09-13,661254
2019-09-14,661989
2019-09-15,662826
2019-09-16,663673
2019-09-17,664274
2019-09-18,664941
2019-09-19,665799
2019-09-20,666608
2019-09-21,667597
2019-09-22,669876
2019-09-23,671149
2019-09-24,671943
2019-09-25,672702
2019-09-26,673396
2019-09-27,674042
2019-09-28,674831
2019-09-29,677223
2019-09-30,678671
2019-10-01,679318
2019-10-02,680017
2019-10-03,680710
2019-10-04,681333
2019-10-05,681804
2019-10-06,682420
2019-10-07,682983
2019-10-08,683565
2019-10-09,684161
2019-10-10,684663
2019-10-11,685221
2019-10-12,685762
2019-10-13,687059
2019-10-14,687970
2019-10-15,688804
2019-10-16,689457
2019-10-17,690214
2019-10-18,690788
2019-10-19,691416
2019-10-20,691998
2019-10-21,692522
2019-10-22,693026
2019-10-23,693569
2019-10-24,694028
2019-10-25,694509
2019-10-26,695157
2019-10-27,696166
2019-10-28,697086
2019-10-29,697749
2019-10-30,698325
2019-10-31,698956
2019-11-01,699593
2019-11-02,700152
2019-11-03,701229
2019-11-04,702685
2019-11-05,703380
2019-11-06,703978
2019-11-07,704548
2019-11-08,705097
2019-11-09,705685
2019-11-10,706210
2019-11-11,706719
2019-11-12,707200
2019-11-13,707659
2019-11-14,708196
2019-11-15,708583
2019-11-16,708936
2019-11-17,710960
2019-11-18,713356
2019-11-19,714381
2019-11-20,715126
2019-11-21,715962
2019-11-22,716629
2019-11-23,717235
2019-11-24,718004
2019-11-25,718760
2019-11-26,719435
2019-11-27,719974
2019-11-28,720576
2019-11-29,721218
2019-11-30,721798
2019-12-01,723469
2019-12-02,724694
2019-12-03,725350
2019-12-04,726101
2019-12-05,726808
2019-12-06,727419
2019-12-07,728124
2019-12-08,729032
2019-12-09,729748
2019-12-10,730566
2019-12-11,731452
2019-12-12,732189
2019-12-13,732845
2019-12-14,733558
2019-12-15,734295
2019-12-16,734825
2019-12-17,735580
2019-12-18,736170
2019-12-19,736793
2019-12-20,737460
2019-12-21,738274
2019-12-22,738841
2019-12-23,739498
2019-12-24,740070
2019-12-25,740817
2019-12-26,741563
2019-12-27,742259
2019-12-28,742986
2019-12-29,743732
2019-12-30,744314
2019-12-31,745021
2020-01-01,745810
2020-01-02,746446
2020-01-03,747205
2020-01-04,748161
2020-01-05,748983
2020-01-06,749934
2020-01-07,751225
2020-01-08,752032
2020-01-09,752887
2020-01-10,753558
2020-01-11,754237
2020-01-12,755144
2020-01-13,755947
2020-01-14,756858
2020-01-15,757588
2020-01-16,758435
2020-01-17,759189
2020-01-18,760120
2020-01-19,760911
2020-01-20,761515
2020-01-21,762309
2020-01-22,763152
2020-01-23,763900
2020-01-24,764578
2020-01-25,765202
2020-01-26,766154
2020-01-27,766715
2020-01-28,767307
2020-01-29,768191
2020-01-30,769110
2020-01-31,769982
2020-02-01,770826
2020-02-02,771036
2020-02-03,772294
2020-02-04,772908
2020-02-05,773728
2020-02-06,774696
2020-02-07,775476
2020-02-08,776210
2020-02-09,777264
2020-02-10,778146
2020-02-11,778991
2020-02-12,780269
2020-02-13,781281
2020-02-14,782244
2020-02-15,783539
2020-02-16,784699
2020-02-17,786271
2020-02-18,787354
2020-02-19,788903
2020-02-20,790605
2020-02-21,792457
2020-02-22,793613
2020-02-23,794863
2020-02-24,796101
2020-02-25,797223
2020-02-26,798588
2020-02-27,799673
2020-02-28,800970
2020-02-29,802615
2020-03-01,804175
2020-03-02,805802
2020-03-03,807267
2020-03-04,809039
2020-03-05,810529
2020-03-06,812029
2020-03-07,813663
2020-03-08,815250
2020-03-09,816779
2020-03-10,818354
2020-03-11,819773
2020-03-12,823366
2020-03-13,825492
2020-03-14,826801
2020-03-15,828188
2020-03-16,829232
2020-03-17,830324
2020-03-18,831539
2020-03-19,832723
2020-03-20,833947
2020-03-21,835284
2020-03-22,836658
2020-03-23,837800
2020-03-24,839212
2020-03-25,840430
2020-03-26,841470
2020-03-27,842853
2020-03-28,844363
2020-03-29,845541
2020-03-30,846653
2020-03-31,848103
2020-04-01,849541
2020-04-02,850701
2020-04-03,852339
2020-04-04,854584
2020-04-05,856477
2020-04-06,857974
2020-04-07,859229
2020-04-08,860630
2020-04-09,861869
2020-04-10,863209
2020-04-11,864382
2020-04-12,865718
2020-04-13,867113
2020-04-14,868100
2020-04-15,869414
2020-04-16,870511
2020-04-17,871608
2020-04-18,872966
2020-04-19,874110
2020-04-20,875184
2020-04-21,876199
2020-04-22,877407
2020-04-23,878770
2020-04-24,879920
2020-04-25,881266
2020-04-26,882431
2020-04-27,883592
2020-04-28,884561
2020-04-29,885901
2020-04-30,887291
2020-05-01,888371
2020-05-02,890096
2020-05-03,891231
2020-05-04,892470
2020-05-05,893752
2020-05-06,895014
2020-05-07,896288
2020-05-08,897452
2020-05-09,898596
2020-05-10,899886
2020-05-11,900914
2020-05-12,903615
2020-05-13,906276
2020-05-14,909532
2020-05-15,911452
2020-05-16,912889
2020-05-17,914893
2020-05-18,916360
2020-05-19,917901
2020-05-20,919044
2020-05-21,920372
2020-05-22,921781
2020-05-23,923124
2020-05-24,924693
2020-05-25,926771
2020-05-26,928075
2020-05-27,929533
2020-05-28,930811
2020-05-29,932196
2020-05-30,933226
2020-05-31,934691
2020-06-01,936000
2020-06-02,937401
2020-06-03,939078
2020-06-04,940583
2020-06-05,941769
2020-06-06,942926
2020-06-07,944447
2020-06-08,945807
2020-06-09,947110
2020-06-10,948260
2020-06-11,949337
2020-06-12,950393
2020-06-13,951393
2020-06-14,952743
2020-06-15,953890
2020-06-16,955242
2020-06-17,956424
2020-06-18,957700
2020-06-19,959003
2020-06-20,959984
2020-06-21,961080
2020-06-22,962309
2020-06-23,963424
2020-06-24,964876
2020-06-25,966033
2020-06-26,967271
2020-06-27,968408
2020-06-28,969625
2020-06-29,971000
2020-06-30,972280
2020-07-01,973736
2020-07-02,975229
2020-07-03,977567
2020-07-04,980562
2020-07-05,986686
2020-07-06,990327
2020-07-07,993048
2020-07-08,995298
2020-07-09,996940
2020-07-10,999301
2020-07-11,1002746
2020-07-12,1008129
2020-07-13,1011359
2020-07-14,1013428
2020-07-15,1015301
2020-07-16,1017375
2020-07-17,1019935
2020-07-18,1023365
2020-07-19,1027496
2020-07-20,1030837
2020-07-21,1033436
2020-07-22,1035922
2020-07-23,1038054
2020-07-24,1040149
2020-07-25,1042279
2020-07-26,1044229
2020-07-27,1047085
2020-07-28,1049044
2020-07-29,1050773
2020-07-30,1053018
2020-07-31,1056313
2020-08-01,1058849
2020-08-02,1063095
2020-08-03,1066462
2020-08-04,1068621
2020-08-05,1070984
2020-08-06,1072808
2020-08-07,1077566
2020-08-08,1080606
2020-08-09,1084905
2020-08-10,1088053
2020-08-11,1090290
2020-08-12,1092079
2020-08-13,1093938
2020-08-14,1095615
2020-08-15,1097014
2020-08-16,1100144
2020-08-17,1102557
2020-08-18,1104297
2020-08-19,1106229
2020-08-20,1107824
2020-08-21,1109986
2020-08-22,1111801
2020-08-23,1113701
2020-08-24,1115088
2020-08-25,1116609
2020-08-26,1117962
2020-08-27,1119723
2020-08-28,1121426
2020-08-29,1123609
2020-08-30,1126292
2020-08-31,1127728
2020-09-01,1129888
2020-09-02,1131726
2020-09-03,1133498
2020-09-04,1135102
2020-09-05,1137239
2020-09-06,1142094
2020-09-07,1145098
2020-09-08,1147179
2020-09-09,1149083
2020-09-10,1151502
2020-09-11,1153721
2020-09-15,1162888
2020-09-18,1169090
2020-09-22,1174111
2020-09-25,1178527
2020-09-29,1185452
2020-09-30,1186544
2020-10-01,1187821
2020-10-02,1189456
2020-10-03,1190607
2020-10-04,1192122
2020-10-05,1193430
2020-10-06,1194662
2020-10-07,1195970
2020-10-08,1197266
2020-10-09,1198415
2020-10-10,1200177
2020-10-11,1202314
2020-10-12,1204534
2020-10-13,1206209
2020-10-14,1207962
2020-10-15,1209339
2020-10-16,1210434
2020-10-17,1212014
2020-10-18,1213194
2020-10-19,1214601
2020-10-20,1215778
2020-10-21,1217018
2020-10-22,1218602
2020-10-23,1220198
2020-10-24,1221810
2020-10-25,1223613
2020-10-26,1224589
2020-10-31,1231998
2020-11-01,1232466
2020-11-03,1237011
2020-11-05,1240146
2020-11-06,1241457
2020-11-07,1242355
2020-11-08,1243706
2020-11-09,1244785
2020-11-10,1245667
2020-11-11,1246760
2020-11-12,1248104
2020-11-13,1249286
2020-11-14,1251059
2020-11-15,1254172
2020-11-16,1255683
2020-11-17,1256880
2020-11-18,1258027
2020-11-19,1259292
2020-11-20,1260576
2020-11-21,1261534
2020-11-22,1262704
2020-11-23,1263677
2020-11-24,1264995
2020-11-25,1266149
2020-11-26,1267123
2020-11-27,1268216
2020-11-28,1269290
2020-11-29,1274601
2020-11-30,1277488
2020-12-01,1280340
2020-12-02,1280575
2020-12-04,1289014
2020-12-05,1295807
2020-12-06,1296542
2020-12-07,1305973
2020-12-09,1313257
2020-12-10,1313406
2020-12-12,1316321
2020-12-13,1317962
2020-12-14,1319723
2020-12-18,1326895
2020-12-21,1331780
2020-12-22,1333012
2020-12-23,1334224
2020-12-24,1335244
2020-12-25,1336099
2020-12-26,1337053
2020-12-27,1338196
2020-12-28,1339314
2020-12-29,1340393
2020-12-30,1341784
2020-12-31,1342891
2021-01-01,1344131
2021-01-02,1345326
2021-01-03,1346520
2021-01-04,1347819
2021-01-05,1349176
2021-01-06,1349685
2021-01-07,1350194
2021-01-08,1350533
2021-01-09,1350966
2021-01-10,1351591
2021-01-11,1352055
2021-01-12,1352572
2021-01-13,1352890
2021-01-14,1353247
2021-01-15,1353479
2021-01-18,1354181
2021-01-24,1355817
2021-01-29,1357985
2021-02-03,1360519
2021-02-04,1360834
2021-02-05,1361147
2021-02-06,1361368
2021-02-07,1361726
2021-02-08,1362163
2021-02-09,1362533
2021-02-10,1363022
2021-02-11,1363467
2021-02-12,1363896
2021-02-13,1364205
2021-02-14,1364546
2021-02-15,1365105
2021-02-16,1365987
2021-02-17,1366494
2021-02-18,1366883
2021-02-19,1367259
2021-02-20,1367599
2021-02-21,1367968
2021-02-22,1368403
2021-02-23,1368741
2021-02-24,1369051
2021-02-25,1369353
2021-02-26,1369684
2021-02-27,1370009
2021-02-28,1370351
2021-03-01,1370647
2021-03-02,1371051
2021-03-03,1371533
2021-03-04,1372220
2021-03-05,1373018
2021-03-06,1373562
2021-03-07,1374124
2021-03-08,1374749
2021-03-09,1375298
2021-03-10,1376030
2021-03-11,1376713
2021-03-12,1377940
2021-03-13,1378921
2021-03-14,1379817
2021-03-15,1380716
2021-03-16,1381558
2021-03-17,1382161
2021-03-18,1382721
2021-03-19,1383349
2021-03-20,1384179